{
  "mae": 970043.4039201648,
  "mse": 1754318687330.6694,
  "rmse": 1324506.9600914407,
  "r2": 0.6529242642153172
}